AL,nest,nest_mate,date,year,DOY,sunrise,time,time_after_sunrise,process_time,time_on_ice,CORT_time,CORT_cat,CORT_value,CORT_sec,sex,age,age.2,incubator
751,NA,NA,28-Mar-17,2017,87,6.29,8.283333333,1.99,11.96666667,3.683333333,0,base,1.65394982,51,F,adult,adult,NA
751,NA,NA,28-Mar-17,2017,87,6.29,8.283333333,1.99,11.96666667,3.683333333,15,min15,34.5757186,NA,F,adult,adult,NA
751,NA,NA,28-Mar-17,2017,87,6.29,8.283333333,1.99,11.96666667,3.683333333,30,min30,NA,NA,F,adult,adult,NA
1246,NA,NA,10-Apr-17,2017,100,6.22,10.03333333,3.81,12.7,2.666666667,0,base,3.624113773,106,M,adult,adult,NA
1246,NA,NA,10-Apr-17,2017,100,6.22,10.03333333,3.81,12.7,2.666666667,15,min15,65.5561014,950,M,adult,adult,NA
1246,NA,NA,10-Apr-17,2017,100,6.22,10.03333333,3.81,12.7,2.666666667,30,min30,115.9846405,1815,M,adult,adult,NA
1289,NA,NA,29-Mar-17,2017,88,6.28,8.5,2.22,11.81666667,3.316666667,0,base,0.393108039,94,F,adult,adult,NA
1289,NA,NA,29-Mar-17,2017,88,6.28,8.5,2.22,11.81666667,3.316666667,15,min15,30.11099645,874,F,adult,adult,NA
1289,NA,NA,29-Mar-17,2017,88,6.28,8.5,2.22,11.81666667,3.316666667,30,min30,60.58056585,1750,F,adult,adult,NA
1366,NA,NA,7-Apr-17,2017,97,6.24,9.833333333,3.59,11.8,1.966666667,0,base,7.272278528,98,M,adult,adult,NA
1366,NA,NA,7-Apr-17,2017,97,6.24,9.833333333,3.59,11.8,1.966666667,15,min15,68.16449236,934,M,adult,adult,NA
1366,NA,NA,7-Apr-17,2017,97,6.24,9.833333333,3.59,11.8,1.966666667,30,min30,153.1186339,1828,M,adult,adult,NA
1391,NA,NA,11-Apr-17,2017,101,6.22,10.66666667,4.45,11.75,1.083333333,0,base,5.121940614,151,F,adult,adult,NA
1391,NA,NA,11-Apr-17,2017,101,6.22,10.66666667,4.45,11.75,1.083333333,15,min15,NA,NA,F,adult,adult,NA
1391,NA,NA,11-Apr-17,2017,101,6.22,10.66666667,4.45,11.75,1.083333333,30,min30,NA,NA,F,adult,adult,NA
1407,NA,NA,29-Mar-17,2017,88,6.28,7.316666667,1.04,11.11666667,3.8,0,base,1.308954623,90,F,adult,adult,NA
1407,NA,NA,29-Mar-17,2017,88,6.28,7.316666667,1.04,11.11666667,3.8,15,min15,27.55265485,929,F,adult,adult,NA
1407,NA,NA,29-Mar-17,2017,88,6.28,7.316666667,1.04,11.11666667,3.8,30,min30,39.35044214,1738,F,adult,adult,NA
1474,NA,NA,13-Apr-17,2017,103,6.21,8.416666667,2.21,11.76666667,3.35,0,base,6.472306356,165,F,adult,adult,NA
1474,NA,NA,13-Apr-17,2017,103,6.21,8.416666667,2.21,11.76666667,3.35,15,min15,NA,NA,F,adult,adult,NA
1474,NA,NA,13-Apr-17,2017,103,6.21,8.416666667,2.21,11.76666667,3.35,30,min30,NA,NA,F,adult,adult,NA
1508,NA,NA,14-Apr-17,2017,104,6.2,10.33333333,4.13,11.56666667,1.233333333,0,base,7.649649062,105,F,adult,adult,NA
1508,NA,NA,14-Apr-17,2017,104,6.2,10.33333333,4.13,11.56666667,1.233333333,15,min15,NA,NA,F,adult,adult,NA
1508,NA,NA,14-Apr-17,2017,104,6.2,10.33333333,4.13,11.56666667,1.233333333,30,min30,NA,NA,F,adult,adult,NA
1555,NA,NA,12-Apr-17,2017,102,6.21,8.25,2.04,12.2,3.95,0,base,4.519367682,178,M,adult,adult,NA
1555,NA,NA,12-Apr-17,2017,102,6.21,8.25,2.04,12.2,3.95,15,min15,60.57540349,901,M,adult,adult,NA
1555,NA,NA,12-Apr-17,2017,102,6.21,8.25,2.04,12.2,3.95,30,min30,124.8856659,1770,M,adult,adult,NA
1573,NA,NA,13-Apr-17,2017,103,6.21,8.75,2.54,11.76666667,3.016666667,0,base,12.22618484,180,F,adult,adult,NA
1573,NA,NA,13-Apr-17,2017,103,6.21,8.75,2.54,11.76666667,3.016666667,15,min15,NA,NA,F,adult,adult,NA
1573,NA,NA,13-Apr-17,2017,103,6.21,8.75,2.54,11.76666667,3.016666667,30,min30,NA,NA,F,adult,adult,NA
1663,NA,NA,7-Apr-17,2017,97,6.24,8.033333333,1.79,11.63333333,3.6,0,base,4.084230418,66,M,adult,adult,NA
1663,NA,NA,7-Apr-17,2017,97,6.24,8.033333333,1.79,11.63333333,3.6,15,min15,98.7087075,918,M,adult,adult,NA
1663,NA,NA,7-Apr-17,2017,97,6.24,8.033333333,1.79,11.63333333,3.6,30,min30,128.4743574,1712,M,adult,adult,NA
1716,NA,NA,10-Apr-17,2017,100,6.22,8.35,2.13,12.33333333,3.983333333,0,base,1.035532427,102,M,adult,adult,NA
1716,NA,NA,10-Apr-17,2017,100,6.22,8.35,2.13,12.33333333,3.983333333,15,min15,27.25753424,895,M,adult,adult,NA
1716,NA,NA,10-Apr-17,2017,100,6.22,8.35,2.13,12.33333333,3.983333333,30,min30,54.2486711,1772,M,adult,adult,NA
1761,NA,NA,12-Apr-17,2017,102,6.21,8.083333333,1.87,12.03333333,3.95,15,min15,59.46108239,992,F,adult,adult,NA
1761,NA,NA,12-Apr-17,2017,102,6.21,8.083333333,1.87,12.03333333,3.95,30,min30,94.07874511,1743,F,adult,adult,NA
1773,NA,NA,24-Mar-17,2017,83,6.31,9.816666667,3.51,12.33333333,2.516666667,0,base,5.301785967,84,M,adult,adult,NA
1773,NA,NA,24-Mar-17,2017,83,6.31,9.816666667,3.51,12.33333333,2.516666667,15,min15,88.89902492,1051,M,adult,adult,NA
1773,NA,NA,24-Mar-17,2017,83,6.31,9.816666667,3.51,12.33333333,2.516666667,30,min30,109.5160268,1780,M,adult,adult,NA
1779,NA,NA,10-Apr-17,2017,100,6.22,9.783333333,3.56,12.45,2.666666667,0,base,4.148623585,130,M,adult,adult,NA
1779,NA,NA,10-Apr-17,2017,100,6.22,9.783333333,3.56,12.45,2.666666667,15,min15,39.82451933,882,M,adult,adult,NA
1779,NA,NA,10-Apr-17,2017,100,6.22,9.783333333,3.56,12.45,2.666666667,30,min30,74.2351047,1804,M,adult,adult,NA
1782,NA,NA,14-Apr-17,2017,104,6.2,8.783333333,2.58,11.56666667,2.783333333,0,base,7.780861854,148,M,adult,adult,NA
1782,NA,NA,14-Apr-17,2017,104,6.2,8.783333333,2.58,11.56666667,2.783333333,15,min15,40.2302255,914,M,adult,adult,NA
1782,NA,NA,14-Apr-17,2017,104,6.2,8.783333333,2.58,11.56666667,2.783333333,30,min30,69.31558575,1775,M,adult,adult,NA
1806,NA,NA,26-Mar-17,2017,85,6.3,7.516666667,1.22,11.1,3.583333333,0,base,2.208314965,142,F,adult,adult,NA
1806,NA,NA,26-Mar-17,2017,85,6.3,7.516666667,1.22,11.1,3.583333333,15,min15,27.053638,905,F,adult,adult,NA
1806,NA,NA,26-Mar-17,2017,85,6.3,7.516666667,1.22,11.1,3.583333333,30,min30,42.18166246,1748,F,adult,adult,NA
1807,NA,NA,24-Mar-17,2017,83,6.31,9.983333333,3.67,12.6,2.616666667,0,base,6.467571902,93,F,adult,adult,NA
1807,NA,NA,24-Mar-17,2017,83,6.31,9.983333333,3.67,12.6,2.616666667,15,min15,70.23491068,990,F,adult,adult,NA
1807,NA,NA,24-Mar-17,2017,83,6.31,9.983333333,3.67,12.6,2.616666667,30,min30,122.5429623,1798,F,adult,adult,NA
1837,NA,NA,25-Mar-17,2017,84,6.31,7.75,1.44,11.8,4.05,0,base,2.85442655,97,M,adult,adult,NA
1837,NA,NA,25-Mar-17,2017,84,6.31,7.75,1.44,11.8,4.05,15,min15,36.47953724,900,M,adult,adult,NA
1837,NA,NA,25-Mar-17,2017,84,6.31,7.75,1.44,11.8,4.05,30,min30,150.4630761,1898,M,adult,adult,NA
1838,NA,NA,29-Mar-17,2017,88,6.28,8.55,2.27,12.05,3.5,0,base,3.461079478,100,M,adult,adult,NA
1838,NA,NA,29-Mar-17,2017,88,6.28,8.55,2.27,12.05,3.5,15,min15,98.34730106,1038,M,adult,adult,NA
1838,NA,NA,29-Mar-17,2017,88,6.28,8.55,2.27,12.05,3.5,30,min30,112.3605152,1738,M,adult,adult,NA
1846,NA,NA,31-Mar-17,2017,90,6.27,9.333333333,3.06,12.35,3.016666667,0,base,4.297365577,81,F,adult,adult,NA
1846,NA,NA,28-Mar-17,2017,87,6.29,10.51666667,4.23,12.35,1.833333333,0,base,9.6795,120,F,adult,adult,NA
1846,NA,NA,28-Mar-17,2017,87,6.29,10.51666667,4.23,12.35,1.833333333,15,min15,92.93895511,904,F,adult,adult,NA
1846,NA,NA,31-Mar-17,2017,90,6.27,9.333333333,3.06,12.35,3.016666667,15,min15,NA,NA,F,adult,adult,NA
1846,NA,NA,28-Mar-17,2017,87,6.29,10.51666667,4.23,12.35,1.833333333,30,min30,132.3518,1826,F,adult,adult,NA
1846,NA,NA,31-Mar-17,2017,90,6.27,9.333333333,3.06,12.35,3.016666667,30,min30,97.39201956,NA,F,adult,adult,NA
1864,NA,NA,12-Apr-17,2017,102,6.21,8,1.79,10,2,0,base,1.859078375,108,M,adult,adult,NA
1864,NA,NA,12-Apr-17,2017,102,6.21,8,1.79,10,2,15,min15,85.06890943,1000,M,adult,adult,NA
1864,NA,NA,12-Apr-17,2017,102,6.21,8,1.79,10,2,30,min30,45.25223751,1920,M,adult,adult,NA
1877,NA,NA,3-Apr-17,2017,93,6.26,9.533333333,3.27,12.13333333,2.6,0,base,4.424916804,177,M,adult,adult,NA
1877,NA,NA,3-Apr-17,2017,93,6.26,9.533333333,3.27,12.13333333,2.6,15,min15,80.91168892,911,M,adult,adult,NA
1877,NA,NA,3-Apr-17,2017,93,6.26,9.533333333,3.27,12.13333333,2.6,30,min30,74.71331848,1830,M,adult,adult,NA
1880,NA,NA,10-Apr-17,2017,100,6.22,8.45,2.23,11.91666667,3.466666667,0,base,4.569070354,70,F,adult,adult,NA
1880,NA,NA,29-Mar-17,2017,88,6.28,10,3.72,12.91666667,2.916666667,0,base,7.9717,155,F,adult,adult,NA
1880,NA,NA,29-Mar-17,2017,88,6.28,10,3.72,12.91666667,2.916666667,15,min15,23.17197265,1035,F,adult,adult,NA
1880,NA,NA,10-Apr-17,2017,100,6.22,8.45,2.23,11.91666667,3.466666667,15,min15,NA,NA,F,adult,adult,NA
1880,NA,NA,29-Mar-17,2017,88,6.28,10,3.72,12.91666667,2.916666667,30,min30,96.4717208,1773,F,adult,adult,NA
1880,NA,NA,10-Apr-17,2017,100,6.22,8.45,2.23,11.91666667,3.466666667,30,min30,NA,NA,F,adult,adult,NA
1895,NA,NA,30-Mar-17,2017,89,6.28,10.11666667,3.84,12.08333333,1.966666667,0,base,1.344613138,100,F,adult,adult,NA
1895,NA,NA,30-Mar-17,2017,89,6.28,10.11666667,3.84,12.08333333,1.966666667,15,min15,NA,NA,F,adult,adult,NA
1895,NA,NA,30-Mar-17,2017,89,6.28,10.11666667,3.84,12.08333333,1.966666667,30,min30,NA,NA,F,adult,adult,NA
1911,NA,NA,29-Mar-17,2017,88,6.28,10.63333333,4.35,13.06666667,2.433333333,0,base,6.732258189,85,F,adult,adult,NA
1911,NA,NA,29-Mar-17,2017,88,6.28,10.63333333,4.35,13.06666667,2.433333333,15,min15,8.7065086,909,F,adult,adult,NA
1911,NA,NA,29-Mar-17,2017,88,6.28,10.63333333,4.35,13.06666667,2.433333333,30,min30,70.99727179,1844,F,adult,adult,NA
1931,NA,NA,5-Apr-17,2017,95,6.25,9.2,2.95,12.35,3.15,0,base,10.29749527,177,F,adult,adult,NA
1931,NA,NA,5-Apr-17,2017,95,6.25,9.2,2.95,12.35,3.15,15,min15,NA,NA,F,adult,adult,NA
1931,NA,NA,5-Apr-17,2017,95,6.25,9.2,2.95,12.35,3.15,30,min30,NA,NA,F,adult,adult,NA
1935,NA,NA,12-Apr-17,2017,102,6.21,7.583333333,1.37,11.56666667,3.983333333,0,base,2.846683883,150,M,adult,adult,NA
1935,NA,NA,12-Apr-17,2017,102,6.21,7.583333333,1.37,11.56666667,3.983333333,15,min15,44.76306917,875,M,adult,adult,NA
1935,NA,NA,12-Apr-17,2017,102,6.21,7.583333333,1.37,11.56666667,3.983333333,30,min30,6.90956157,NA,M,adult,adult,NA
1957,NA,NA,25-Mar-17,2017,84,6.31,8,1.69,11.93333333,3.933333333,0,base,3.333786403,95,F,adult,adult,NA
1957,NA,NA,25-Mar-17,2017,84,6.31,8,1.69,11.93333333,3.933333333,15,min15,52.58670352,908,F,adult,adult,NA
1957,NA,NA,25-Mar-17,2017,84,6.31,8,1.69,11.93333333,3.933333333,30,min30,74.97030115,1830,F,adult,adult,NA
1964,NA,NA,10-Apr-17,2017,100,6.22,10.5,4.28,12.86666667,2.366666667,0,base,11.66401163,170,F,adult,adult,NA
1964,NA,NA,10-Apr-17,2017,100,6.22,10.5,4.28,12.86666667,2.366666667,15,min15,NA,NA,F,adult,adult,NA
1964,NA,NA,10-Apr-17,2017,100,6.22,10.5,4.28,12.86666667,2.366666667,30,min30,NA,NA,F,adult,adult,NA
1966,NA,NA,25-Mar-17,2017,84,6.31,9.083333333,2.77,12,2.916666667,0,base,3.874516421,120,M,adult,adult,NA
1966,NA,NA,25-Mar-17,2017,84,6.31,9.083333333,2.77,12,2.916666667,15,min15,32.37740987,960,M,adult,adult,NA
1966,NA,NA,25-Mar-17,2017,84,6.31,9.083333333,2.77,12,2.916666667,30,min30,61.85701943,1840,M,adult,adult,NA
1979,NA,NA,7-Apr-17,2017,97,6.24,7.666666667,1.43,11.51666667,3.85,0,base,1.633293249,76,F,adult,adult,NA
1979,NA,NA,7-Apr-17,2017,97,6.24,7.666666667,1.43,11.51666667,3.85,15,min15,NA,NA,F,adult,adult,NA
1979,NA,NA,7-Apr-17,2017,97,6.24,7.666666667,1.43,11.51666667,3.85,30,min30,NA,NA,F,adult,adult,NA
1992,NA,NA,8-Apr-17,2017,98,6.23,8.266666667,2.04,12.1,3.833333333,0,base,3.363947187,113,M,adult,adult,NA
1992,NA,NA,8-Apr-17,2017,98,6.23,8.266666667,2.04,12.1,3.833333333,15,min15,42.6595856,983,M,adult,adult,NA
1992,NA,NA,8-Apr-17,2017,98,6.23,8.266666667,2.04,12.1,3.833333333,30,min30,75.24852317,1869,M,adult,adult,NA
2004,NA,NA,29-Mar-17,2017,88,6.28,7.4,1.12,11.18333333,3.783333333,0,base,2.785756913,88,M,adult,adult,NA
2004,NA,NA,29-Mar-17,2017,88,6.28,7.4,1.12,11.18333333,3.783333333,15,min15,57.89301682,971,M,adult,adult,NA
2004,NA,NA,29-Mar-17,2017,88,6.28,7.4,1.12,11.18333333,3.783333333,30,min30,49.15433732,1870,M,adult,adult,NA
2008,NA,NA,21-Mar-17,2017,80,6.33,8.883333333,2.55,12.26666667,3.383333333,0,base,2.482457241,68,F,adult,adult,NA
2008,NA,NA,21-Mar-17,2017,80,6.33,8.883333333,2.55,12.26666667,3.383333333,15,min15,40.44570436,878,F,adult,adult,NA
2008,NA,NA,21-Mar-17,2017,80,6.33,8.883333333,2.55,12.26666667,3.383333333,30,min30,50.00839434,NA,F,adult,adult,NA
2009,NA,NA,21-Mar-17,2017,80,6.33,10.33333333,4,12.43333333,2.1,0,base,6.016757752,100,M,adult,adult,NA
2009,NA,NA,10-Apr-17,2017,100,6.22,8.466666667,2.25,12.43333333,3.966666667,0,base,0.806,153,M,adult,adult,NA
2009,NA,NA,21-Mar-17,2017,80,6.33,10.33333333,4,12.43333333,2.1,15,min15,48.5616,940,M,adult,adult,NA
2009,NA,NA,10-Apr-17,2017,100,6.22,8.466666667,2.25,12.43333333,3.966666667,15,min15,30.02971094,950,M,adult,adult,NA
2009,NA,NA,21-Mar-17,2017,80,6.33,10.33333333,4,12.43333333,2.1,30,min30,32.0814,1826,M,adult,adult,NA
2009,NA,NA,10-Apr-17,2017,100,6.22,8.466666667,2.25,12.43333333,3.966666667,30,min30,51.60356023,1839,M,adult,adult,NA
2010,NA,NA,22-Mar-17,2017,81,6.32,9.5,3.18,12.41666667,2.916666667,0,base,1.268795424,45,F,adult,adult,NA
2010,NA,NA,22-Mar-17,2017,81,6.32,9.5,3.18,12.41666667,2.916666667,15,min15,34.14357497,926,F,adult,adult,NA
2010,NA,NA,22-Mar-17,2017,81,6.32,9.5,3.18,12.41666667,2.916666667,30,min30,44.02493856,1846,F,adult,adult,NA
2021,NA,NA,11-Apr-17,2017,101,6.22,8.75,2.53,11.63333333,2.883333333,0,base,3.843482979,120,M,adult,adult,NA
2021,NA,NA,11-Apr-17,2017,101,6.22,8.75,2.53,11.63333333,2.883333333,15,min15,32.72854088,936,M,adult,adult,NA
2021,NA,NA,11-Apr-17,2017,101,6.22,8.75,2.53,11.63333333,2.883333333,30,min30,48.03936612,1823,M,adult,adult,NA
2026,NA,NA,25-Mar-17,2017,84,6.31,9,2.69,1.3,-7.7,0,base,9.186020648,114,F,adult,adult,NA
2026,NA,NA,25-Mar-17,2017,84,6.31,9,2.69,1.3,-7.7,15,min15,51.74622206,896,F,adult,adult,NA
2026,NA,NA,25-Mar-17,2017,84,6.31,9,2.69,1.3,-7.7,30,min30,102.3904648,1827,F,adult,adult,NA
2027,NA,NA,25-Mar-17,2017,84,6.31,8.783333333,2.47,12.43333333,3.65,0,base,4.021651038,104,M,adult,adult,NA
2027,NA,NA,25-Mar-17,2017,84,6.31,8.783333333,2.47,12.43333333,3.65,15,min15,51.29587058,920,M,adult,adult,NA
2027,NA,NA,25-Mar-17,2017,84,6.31,8.783333333,2.47,12.43333333,3.65,30,min30,68.75009034,1802,M,adult,adult,NA
2028,NA,NA,26-Mar-17,2017,85,6.3,9.966666667,3.67,11.23333333,1.266666667,0,base,1.738312231,116,M,adult,adult,NA
2028,NA,NA,26-Mar-17,2017,85,6.3,9.966666667,3.67,11.23333333,1.266666667,15,min15,32.24186708,906,M,adult,adult,NA
2028,NA,NA,26-Mar-17,2017,85,6.3,9.966666667,3.67,11.23333333,1.266666667,30,min30,65.28755918,1857,M,adult,adult,NA
2029,NA,NA,27-Mar-17,2017,86,6.3,7.5,1.2,11.43333333,3.933333333,0,base,3.143020896,73,M,adult,adult,NA
2029,NA,NA,27-Mar-17,2017,86,6.3,7.5,1.2,11.43333333,3.933333333,15,min15,41.96325499,880,M,adult,adult,NA
2029,NA,NA,27-Mar-17,2017,86,6.3,7.5,1.2,11.43333333,3.933333333,30,min30,63.5524501,1878,M,adult,adult,NA
2030,NA,NA,12-Apr-17,2017,102,6.21,9.666666667,3.46,12.36666667,2.7,0,base,4.5662,138,M,adult,adult,NA
2030,NA,NA,27-Mar-17,2017,86,6.3,7.8,1.5,11.36666667,3.566666667,0,base,8.293312583,146,M,adult,adult,NA
2030,NA,NA,27-Mar-17,2017,86,6.3,7.8,1.5,11.36666667,3.566666667,15,min15,49.7413,870,M,adult,adult,NA
2030,NA,NA,12-Apr-17,2017,102,6.21,9.666666667,3.46,12.36666667,2.7,15,min15,54.39065303,969,M,adult,adult,NA
2030,NA,NA,12-Apr-17,2017,102,6.21,9.666666667,3.46,12.36666667,2.7,30,min30,108.8796,1892,M,adult,adult,NA
2030,NA,NA,27-Mar-17,2017,86,6.3,7.8,1.5,11.36666667,3.566666667,30,min30,74.76454493,1920,M,adult,adult,NA
2031,NA,NA,27-Mar-17,2017,86,6.3,8.2,1.9,11.66666667,3.466666667,0,base,3.798740787,84,F,adult,adult,NA
2031,NA,NA,27-Mar-17,2017,86,6.3,8.2,1.9,11.66666667,3.466666667,15,min15,46.02366448,946,F,adult,adult,NA
2031,NA,NA,27-Mar-17,2017,86,6.3,8.2,1.9,11.66666667,3.466666667,30,min30,14.10744521,1886,F,adult,adult,NA
2032,NA,NA,28-Mar-17,2017,87,6.29,9.166666667,2.88,11.7,2.533333333,0,base,2.66079303,85,M,adult,adult,NA
2032,NA,NA,28-Mar-17,2017,87,6.29,9.166666667,2.88,11.7,2.533333333,15,min15,44.97979194,853,M,adult,adult,NA
2032,NA,NA,28-Mar-17,2017,87,6.29,9.166666667,2.88,11.7,2.533333333,30,min30,27.61650948,1800,M,adult,adult,NA
2033,NA,NA,30-Mar-17,2017,89,6.28,8.533333333,2.25,12.08333333,3.55,0,base,3.255423088,105,M,adult,adult,NA
2033,NA,NA,30-Mar-17,2017,89,6.28,8.533333333,2.25,12.08333333,3.55,15,min15,37.77036316,897,M,adult,adult,NA
2033,NA,NA,30-Mar-17,2017,89,6.28,8.533333333,2.25,12.08333333,3.55,30,min30,57.94525869,1797,M,adult,adult,NA
2034,NA,NA,30-Mar-17,2017,89,6.28,10.25,3.97,12.36666667,2.116666667,0,base,12.37480378,143,F,adult,adult,NA
2034,NA,NA,30-Mar-17,2017,89,6.28,10.25,3.97,12.36666667,2.116666667,15,min15,49.75046164,992,F,adult,adult,NA
2034,NA,NA,30-Mar-17,2017,89,6.28,10.25,3.97,12.36666667,2.116666667,30,min30,55.30212768,1852,F,adult,adult,NA
2035,NA,NA,30-Mar-17,2017,89,6.28,10.73333333,4.45,12.46666667,1.733333333,0,base,4.798073105,90,F,adult,adult,NA
2035,NA,NA,30-Mar-17,2017,89,6.28,10.73333333,4.45,12.46666667,1.733333333,15,min15,56.49767691,899,F,adult,adult,NA
2035,NA,NA,30-Mar-17,2017,89,6.28,10.73333333,4.45,12.46666667,1.733333333,30,min30,68.70348974,1743,F,adult,adult,NA
2036,NA,NA,31-Mar-17,2017,90,6.27,8.416666667,2.15,12.21666667,3.8,0,base,0.447401479,105,M,adult,adult,NA
2036,NA,NA,31-Mar-17,2017,90,6.27,8.416666667,2.15,12.21666667,3.8,15,min15,25.84805978,900,M,adult,adult,NA
2036,NA,NA,31-Mar-17,2017,90,6.27,8.416666667,2.15,12.21666667,3.8,30,min30,36.02705221,1770,M,adult,adult,NA
2037,NA,NA,31-Mar-17,2017,90,6.27,8.75,2.48,12.26666667,3.516666667,0,base,NA,NA,M,adult,adult,NA
2037,NA,NA,31-Mar-17,2017,90,6.27,8.75,2.48,12.26666667,3.516666667,15,min15,27.56534772,914,M,adult,adult,NA
2037,NA,NA,31-Mar-17,2017,90,6.27,8.75,2.48,12.26666667,3.516666667,30,min30,96.01326209,1719,M,adult,adult,NA
2038,NA,NA,31-Mar-17,2017,90,6.27,10.75,4.48,12.55,1.8,0,base,3.195582347,134,M,adult,adult,NA
2038,NA,NA,31-Mar-17,2017,90,6.27,10.75,4.48,12.55,1.8,15,min15,29.74870513,892,M,adult,adult,NA
2038,NA,NA,31-Mar-17,2017,90,6.27,10.75,4.48,12.55,1.8,30,min30,11.07407585,NA,M,adult,adult,NA
2039,NA,NA,1-Apr-17,2017,91,6.27,9.333333333,3.06,12,2.666666667,0,base,5.482780447,139,F,adult,adult,NA
2039,NA,NA,1-Apr-17,2017,91,6.27,9.333333333,3.06,12,2.666666667,15,min15,74.06493728,914,F,adult,adult,NA
2039,NA,NA,1-Apr-17,2017,91,6.27,9.333333333,3.06,12,2.666666667,30,min30,98.47804029,1781,F,adult,adult,NA
2040,NA,NA,3-Apr-17,2017,93,6.26,9,2.74,12.05,3.05,0,base,1.132627409,134,M,adult,adult,NA
2040,NA,NA,3-Apr-17,2017,93,6.26,9,2.74,12.05,3.05,15,min15,30.2339915,940,M,adult,adult,NA
2040,NA,NA,3-Apr-17,2017,93,6.26,9,2.74,12.05,3.05,30,min30,79.69423933,1881,M,adult,adult,NA
2041,NA,NA,3-Apr-17,2017,93,6.26,10.4,4.14,12.25,1.85,0,base,2.195674419,75,M,adult,adult,NA
2041,NA,NA,3-Apr-17,2017,93,6.26,10.4,4.14,12.25,1.85,15,min15,97.12772502,921,M,adult,adult,NA
2041,NA,NA,3-Apr-17,2017,93,6.26,10.4,4.14,12.25,1.85,30,min30,89.98867115,1711,M,adult,adult,NA
2042,NA,NA,4-Apr-17,2017,94,6.25,9.333333333,3.08,12.88333333,3.55,0,base,7.466674976,115,F,adult,adult,NA
2042,NA,NA,4-Apr-17,2017,94,6.25,9.333333333,3.08,12.88333333,3.55,15,min15,26.992407,949,F,adult,adult,NA
2042,NA,NA,4-Apr-17,2017,94,6.25,9.333333333,3.08,12.88333333,3.55,30,min30,64.92614715,1896,F,adult,adult,NA
2043,G,N,5-Apr-17,2017,95,6.33,8.5,2.17,10,1.5,0,base,5.005294906,125,U,chick,nestling,nest
2043,G,N,5-Apr-17,2017,95,6.33,8.5,2.17,10,1.5,15,min15,13.75773203,1010,U,chick,nestling,nest
2043,G,N,5-Apr-17,2017,95,6.33,8.5,2.17,10,1.5,30,min30,3.893442538,1802,U,chick,nestling,nest
2046,NA,NA,5-Apr-17,2017,95,6.25,8.583333333,2.33,12.35,3.766666667,0,base,5.116513986,165,F,adult,adult,NA
2046,NA,NA,5-Apr-17,2017,95,6.25,8.583333333,2.33,12.35,3.766666667,15,min15,68.11014846,979,F,adult,adult,NA
2046,NA,NA,5-Apr-17,2017,95,6.25,8.583333333,2.33,12.35,3.766666667,30,min30,NA,NA,F,adult,adult,NA
2047,NA,NA,6-Apr-17,2017,96,6.24,8.5,2.26,11.95,3.45,0,base,5.16791045,110,M,adult,adult,NA
2047,NA,NA,6-Apr-17,2017,96,6.24,8.5,2.26,11.95,3.45,15,min15,76.26140919,958,M,adult,adult,NA
2047,NA,NA,6-Apr-17,2017,96,6.24,8.5,2.26,11.95,3.45,30,min30,168.6721304,1824,M,adult,adult,NA
2048,NA,NA,6-Apr-17,2017,96,6.24,8.8,2.56,12.06666667,3.266666667,0,base,11.30823845,105,M,adult,adult,NA
2048,NA,NA,6-Apr-17,2017,96,6.24,8.8,2.56,12.06666667,3.266666667,15,min15,64.80194614,979,M,adult,adult,NA
2048,NA,NA,6-Apr-17,2017,96,6.24,8.8,2.56,12.06666667,3.266666667,30,min30,115.4005808,1751,M,adult,adult,NA
2049,H,Y,8-Apr-17,2017,98,6.33,8.966666667,2.64,10,1.033333333,0,base,3.776794984,125,U,chick,nestling,incubator
2049,H,Y,8-Apr-17,2017,98,6.33,8.966666667,2.64,10,1.033333333,15,min15,5.856941034,1004,U,chick,nestling,incubator
2049,H,Y,8-Apr-17,2017,98,6.33,8.966666667,2.64,10,1.033333333,30,min30,11.83731437,1926,U,chick,nestling,incubator
2050,H,Y,8-Apr-17,2017,98,6.32,8.966666667,2.65,10,1.033333333,0,base,7.341584439,65,U,chick,nestling,nest
2050,H,Y,8-Apr-17,2017,98,6.32,8.966666667,2.65,10,1.033333333,15,min15,25.14630712,904,U,chick,nestling,nest
2050,H,Y,8-Apr-17,2017,98,6.32,8.966666667,2.65,10,1.033333333,30,min30,16.3924716,1819,U,chick,nestling,nest
2052,J,N,9-Apr-17,2017,99,6.32,7.583333333,1.26,10,2.416666667,0,base,6.227722126,94,U,chick,nestling,nest
2052,J,N,9-Apr-17,2017,99,6.32,7.583333333,1.26,10,2.416666667,15,min15,25.46405423,940,U,chick,nestling,nest
2052,J,N,9-Apr-17,2017,99,6.32,7.583333333,1.26,10,2.416666667,30,min30,7.312588747,1826,U,chick,nestling,nest
2053,I,N,8-Apr-17,2017,98,6.32,10.93333333,4.61,11.5,0.566666667,0,base,7.189963418,NA,U,chick,nestling,nest
2053,I,N,8-Apr-17,2017,98,6.32,10.93333333,4.61,11.5,0.566666667,15,min15,32.76043098,NA,U,chick,nestling,nest
2053,I,N,8-Apr-17,2017,98,6.32,10.93333333,4.61,11.5,0.566666667,30,min30,14.5462366,NA,U,chick,nestling,nest
2054,K,Y,9-Apr-17,2017,99,6.32,10.23333333,3.91,11.5,1.266666667,0,base,7.501545556,114,U,chick,nestling,nest
2054,K,Y,9-Apr-17,2017,99,6.32,10.23333333,3.91,11.5,1.266666667,15,min15,7.339507386,992,U,chick,nestling,nest
2054,K,Y,9-Apr-17,2017,99,6.32,10.23333333,3.91,11.5,1.266666667,30,min30,0.585988479,1909,U,chick,nestling,nest
2055,K,Y,9-Apr-17,2017,99,6.31,10.23333333,3.92,11.5,1.266666667,0,base,4.782161002,64,U,chick,nestling,incubator
2055,K,Y,9-Apr-17,2017,99,6.31,10.23333333,3.92,11.5,1.266666667,15,min15,6.257190173,934,U,chick,nestling,incubator
2055,K,Y,9-Apr-17,2017,99,6.31,10.23333333,3.92,11.5,1.266666667,30,min30,1.523230268,1790,U,chick,nestling,incubator
2056,M,Y,17-Apr-17,2017,107,6.31,8.75,2.44,10.5,1.75,0,base,3.638277958,48,U,chick,nestling,nest
2056,M,Y,17-Apr-17,2017,107,6.31,8.75,2.44,10.5,1.75,15,min15,41.54309482,928,U,chick,nestling,nest
2056,M,Y,17-Apr-17,2017,107,6.31,8.75,2.44,10.5,1.75,30,min30,NA,1795,U,chick,nestling,nest
2057,L,Y,13-Apr-17,2017,103,6.31,10,3.69,10.5,0.5,0,base,3.00239559,36,U,chick,nestling,nest
2057,L,Y,13-Apr-17,2017,103,6.31,10,3.69,10.5,0.5,15,min15,9.514393582,898,U,chick,nestling,nest
2057,L,Y,13-Apr-17,2017,103,6.31,10,3.69,10.5,0.5,30,min30,3.808325075,1800,U,chick,nestling,nest
2058,L,Y,13-Apr-17,2017,103,6.31,10,3.69,10.5,0.5,0,base,1.899603549,31,U,chick,nestling,nest
2058,L,Y,13-Apr-17,2017,103,6.31,10,3.69,10.5,0.5,15,min15,54.54668712,933,U,chick,nestling,nest
2058,L,Y,13-Apr-17,2017,103,6.31,10,3.69,10.5,0.5,30,min30,7.421907926,1826,U,chick,nestling,nest
2059,M,Y,17-Apr-17,2017,107,6.31,8.75,2.44,10,1.25,0,base,3.641025406,86,U,chick,nestling,incubator
2059,M,Y,17-Apr-17,2017,107,6.31,8.75,2.44,10,1.25,15,min15,29.23557275,1005,U,chick,nestling,incubator
2059,M,Y,17-Apr-17,2017,107,6.31,8.75,2.44,10,1.25,30,min30,13.09341213,1870,U,chick,nestling,incubator
2060,N,N,19-Apr-17,2017,109,6.31,8.783333333,2.47,10,1.216666667,0,base,8.35806203,65,U,chick,nestling,nest
2060,N,N,19-Apr-17,2017,109,6.31,8.783333333,2.47,10,1.216666667,15,min15,14.05526867,911,U,chick,nestling,nest
2060,N,N,19-Apr-17,2017,109,6.31,8.783333333,2.47,10,1.216666667,30,min30,9.731298043,1860,U,chick,nestling,nest
2061,NA,NA,10-Apr-17,2017,100,6.22,11,4.78,12.78333333,1.783333333,0,base,0.327551384,120,M,adult,adult,NA
2061,NA,NA,10-Apr-17,2017,100,6.22,11,4.78,12.78333333,1.783333333,15,min15,34.46438777,896,M,adult,adult,NA
2061,NA,NA,10-Apr-17,2017,100,6.22,11,4.78,12.78333333,1.783333333,30,min30,27.83671489,1884,M,adult,adult,NA
2062,NA,NA,11-Apr-17,2017,101,6.22,10.05,3.83,11.55,1.5,0,base,8.322079175,165,M,adult,adult,NA
2062,NA,NA,11-Apr-17,2017,101,6.22,10.05,3.83,11.55,1.5,15,min15,35.64273619,877,M,adult,adult,NA
2062,NA,NA,11-Apr-17,2017,101,6.22,10.05,3.83,11.55,1.5,30,min30,83.26187351,1656,M,adult,adult,NA
2063,NA,NA,12-Apr-17,2017,102,6.21,10.58333333,4.37,12.58333333,2,0,base,3.845130031,113,M,adult,adult,NA
2063,NA,NA,12-Apr-17,2017,102,6.21,10.58333333,4.37,12.58333333,2,15,min15,47.91402618,894,M,adult,adult,NA
2063,NA,NA,12-Apr-17,2017,102,6.21,10.58333333,4.37,12.58333333,2,30,min30,63.70830241,1738,M,adult,adult,NA
2066,V,Y,17-May-17,2017,137,6.31,9.75,3.44,10,0.25,0,base,7.50467865,88,U,chick,nestling,nest
2066,V,Y,17-May-17,2017,137,6.31,9.75,3.44,10,0.25,15,min15,23.12025361,945,U,chick,nestling,nest
2066,V,Y,17-May-17,2017,137,6.31,9.75,3.44,10,0.25,30,min30,16.64651499,1840,U,chick,nestling,nest
2071,O,Y,25-Apr-17,2017,115,6.31,9.583333333,3.27,11.005,1.421666667,0,base,3.607757852,112,U,chick,nestling,nest
2071,O,Y,25-Apr-17,2017,115,6.31,9.583333333,3.27,11.005,1.421666667,15,min15,18.41393094,902,U,chick,nestling,nest
2071,O,Y,25-Apr-17,2017,115,6.31,9.583333333,3.27,11.005,1.421666667,30,min30,4.644942887,1800,U,chick,nestling,nest
2072,O,Y,25-Apr-17,2017,115,6.3,9.583333333,3.28,11.005,1.421666667,0,base,4.758897618,55,U,chick,nestling,nest
2072,O,Y,25-Apr-17,2017,115,6.3,9.583333333,3.28,11.005,1.421666667,15,min15,8.237929678,1020,U,chick,nestling,nest
2072,O,Y,25-Apr-17,2017,115,6.3,9.583333333,3.28,11.005,1.421666667,30,min30,5.705190786,1985,U,chick,nestling,nest
2073,P,Y,26-Apr-17,2017,116,6.3,10.7,4.4,12.08333333,1.383333333,0,base,1.438611649,53,U,chick,nestling,nest
2073,P,Y,26-Apr-17,2017,116,6.3,10.7,4.4,12.08333333,1.383333333,15,min15,59.02102837,978,U,chick,nestling,nest
2073,P,Y,26-Apr-17,2017,116,6.3,10.7,4.4,12.08333333,1.383333333,30,min30,3.408200289,1807,U,chick,nestling,nest
2074,P,Y,26-Apr-17,2017,116,6.3,10.7,4.4,12.08333333,1.383333333,0,base,0.250090405,45,U,chick,nestling,incubator
2074,P,Y,26-Apr-17,2017,116,6.3,10.7,4.4,12.08333333,1.383333333,15,min15,63.0676234,987,U,chick,nestling,incubator
2074,P,Y,26-Apr-17,2017,116,6.3,10.7,4.4,12.08333333,1.383333333,30,min30,9.91664182,1796,U,chick,nestling,incubator
2075,Q,N,28-Apr-17,2017,118,6.3,7.333333333,1.03,10.5,3.166666667,0,base,12.65212653,44,U,chick,nestling,nest
2075,Q,N,28-Apr-17,2017,118,6.3,7.333333333,1.03,10.5,3.166666667,15,min15,47.4792842,930,U,chick,nestling,nest
2075,Q,N,28-Apr-17,2017,118,6.3,7.333333333,1.03,10.5,3.166666667,30,min30,28.6549921,1845,U,chick,nestling,nest
2076,R,Y,4-May-17,2017,124,6.3,9.75,3.45,11.18333333,1.433333333,0,base,6.163621812,80,U,chick,nestling,nest
2076,R,Y,4-May-17,2017,124,6.3,9.75,3.45,11.18333333,1.433333333,15,min15,19.14549705,934,U,chick,nestling,nest
2076,R,Y,4-May-17,2017,124,6.3,9.75,3.45,11.18333333,1.433333333,30,min30,7.059591745,1845,U,chick,nestling,nest
2077,R,Y,4-May-17,2017,124,6.29,9.75,3.46,11.18333333,1.433333333,0,base,5.562416565,125,U,chick,nestling,nest
2077,R,Y,4-May-17,2017,124,6.29,9.75,3.46,11.18333333,1.433333333,15,min15,25.45333492,975,U,chick,nestling,nest
2077,R,Y,4-May-17,2017,124,6.29,9.75,3.46,11.18333333,1.433333333,30,min30,2.28246219,1928,U,chick,nestling,nest
2083,Z,N,28-Mar-17,2017,87,6.29,7.416666667,1.13,9.5,2.083333333,0,base,4.352440442,58,U,chick,nestling,nest
2083,Z,N,28-Mar-17,2017,87,6.29,7.416666667,1.13,9.5,2.083333333,15,min15,29.78838499,889,U,chick,nestling,nest
2083,Z,N,28-Mar-17,2017,87,6.29,7.416666667,1.13,9.5,2.083333333,30,min30,3.938681321,1871,U,chick,nestling,nest
2084,AB,N,28-Mar-17,2017,87,6.29,9.166666667,2.88,10.53333333,1.366666667,0,base,4.036760837,72,U,chick,nestling,nest
2084,AB,N,28-Mar-17,2017,87,6.29,9.166666667,2.88,10.53333333,1.366666667,15,min15,5.972625916,945,U,chick,nestling,nest
2084,AB,N,28-Mar-17,2017,87,6.29,9.166666667,2.88,10.53333333,1.366666667,30,min30,2.232235626,1885,U,chick,nestling,nest
486,NA,NA,4-Apr-18,2018,94,6.25,8.766666667,2.52,11.76666667,3,0,base,3.598988823,110,F,adult,adult,NA
486,NA,NA,4-Apr-18,2018,94,6.25,8.766666667,2.52,11.76666667,3,15,min15,28.97395737,873,F,adult,adult,NA
486,NA,NA,4-Apr-18,2018,94,6.25,8.766666667,2.52,11.76666667,3,30,min30,35.15397581,1757,F,adult,adult,NA
731,NA,NA,12-Apr-18,2018,102,6.21,9.166666667,2.96,12.91666667,3.75,0,base,NA,NA,F,adult,adult,NA
731,NA,NA,12-Apr-18,2018,102,6.21,9.166666667,2.96,12.91666667,3.75,15,min15,18.9224542,871,F,adult,adult,NA
731,NA,NA,12-Apr-18,2018,102,6.21,9.166666667,2.96,12.91666667,3.75,30,min30,11.29718221,1785,F,adult,adult,NA
752,NA,NA,28-Mar-18,2018,87,6.29,9,2.71,11.65,2.65,0,base,3.470161739,159,F,adult,adult,NA
752,NA,NA,28-Mar-18,2018,87,6.29,9,2.71,11.65,2.65,15,min15,11.02848444,897,F,adult,adult,NA
752,NA,NA,28-Mar-18,2018,87,6.29,9,2.71,11.65,2.65,30,min30,12.55254719,1799,F,adult,adult,NA
1078,NA,NA,28-Apr-18,2018,118,6.15,9.75,3.6,11.83333333,2.083333333,0,base,7.716443254,81,M,adult,adult,NA
1078,NA,NA,28-Apr-18,2018,118,6.15,9.75,3.6,11.83333333,2.083333333,15,min15,56.28867407,969,M,adult,adult,NA
1078,NA,NA,28-Apr-18,2018,118,6.15,9.75,3.6,11.83333333,2.083333333,30,min30,61.55347234,1845,M,adult,adult,NA
1134,NA,NA,9-Apr-18,2018,99,6.23,7,0.77,10.15,3.15,0,base,1.307071483,115,F,adult,adult,NA
1134,NA,NA,9-Apr-18,2018,99,6.23,7,0.77,10.15,3.15,15,min15,33.81828607,866,F,adult,adult,NA
1134,NA,NA,9-Apr-18,2018,99,6.23,7,0.77,10.15,3.15,30,min30,57.2091753,1806,F,adult,adult,NA
1289,NA,NA,4-Apr-18,2018,94,6.25,7.583333333,1.33,11.25,3.666666667,0,base,1.709692754,100,F,adult,adult,NA
1289,NA,NA,20-Apr-18,2018,110,6.18,8.8,2.62,12.08333333,3.283333333,0,base,2.714927476,132,F,adult,adult,NA
1289,NA,NA,4-Apr-18,2018,94,6.25,7.583333333,1.33,11.25,3.666666667,15,min15,33.67580214,829,F,adult,adult,NA
1289,NA,NA,20-Apr-18,2018,110,6.18,8.8,2.62,12.08333333,3.283333333,15,min15,37.15344976,895,F,adult,adult,NA
1289,NA,NA,20-Apr-18,2018,110,6.18,8.8,2.62,12.08333333,3.283333333,30,min30,54.54184122,1779,F,adult,adult,NA
1289,NA,NA,4-Apr-18,2018,94,6.25,7.583333333,1.33,11.25,3.666666667,30,min30,46.68444157,1782,F,adult,adult,NA
1391,NA,NA,18-Apr-18,2018,108,6.19,10.58333333,4.39,12.61666667,2.033333333,0,base,2.206352876,104,F,adult,adult,NA
1391,NA,NA,18-Apr-18,2018,108,6.19,10.58333333,4.39,12.61666667,2.033333333,15,min15,33.51479359,897,F,adult,adult,NA
1391,NA,NA,18-Apr-18,2018,108,6.19,10.58333333,4.39,12.61666667,2.033333333,30,min30,43.93547295,1789,F,adult,adult,NA
1413,NA,NA,4-Apr-18,2018,94,6.25,8.65,2.4,11.65,3,0,base,6.898139584,102,M,adult,adult,NA
1413,NA,NA,4-Apr-18,2018,94,6.25,8.65,2.4,11.65,3,15,min15,53.79311987,867,M,adult,adult,NA
1413,NA,NA,4-Apr-18,2018,94,6.25,8.65,2.4,11.65,3,30,min30,58.21625857,1743,M,adult,adult,NA
1554,NA,NA,1-Apr-18,2018,91,6.27,9.166666667,2.9,11.5,2.333333333,0,base,13.08189102,165,M,adult,adult,NA
1554,NA,NA,1-Apr-18,2018,91,6.27,9.166666667,2.9,11.5,2.333333333,15,min15,46.60025278,1088,M,adult,adult,NA
1554,NA,NA,1-Apr-18,2018,91,6.27,9.166666667,2.9,11.5,2.333333333,30,min30,96.42787594,1780,M,adult,adult,NA
1637,NA,NA,1-Apr-18,2018,91,6.27,9.166666667,2.9,11.5,2.333333333,0,base,3.574194092,80,M,adult,adult,NA
1637,NA,NA,1-Apr-18,2018,91,6.27,9.166666667,2.9,11.5,2.333333333,15,min15,17.00630469,938,M,adult,adult,NA
1637,NA,NA,1-Apr-18,2018,91,6.27,9.166666667,2.9,11.5,2.333333333,30,min30,127.7205669,1937,M,adult,adult,NA
1713,NA,NA,3-Jun-18,2018,154,6.1,10.83333333,4.73,13.83333333,3,0,base,0.61717493,115,M,adult,adult,NA
1713,NA,NA,17-Apr-18,2018,107,6.19,8.833333333,2.64,12.45,3.616666667,0,base,13.22310081,148,M,adult,adult,NA
1713,NA,NA,3-Jun-18,2018,154,6.1,10.83333333,4.73,13.83333333,3,15,min15,9.280432444,875,M,adult,adult,NA
1713,NA,NA,17-Apr-18,2018,107,6.19,8.833333333,2.64,12.45,3.616666667,15,min15,80.08357804,887,M,adult,adult,NA
1713,NA,NA,17-Apr-18,2018,107,6.19,8.833333333,2.64,12.45,3.616666667,30,min30,139.0670473,1777,M,adult,adult,NA
1713,NA,NA,3-Jun-18,2018,154,6.1,10.83333333,4.73,13.83333333,3,30,min30,17.17990543,1818,M,adult,adult,NA
1720,NA,NA,12-May-18,2018,132,6.11,9.5,3.39,13.48333333,3.983333333,0,base,5.523657501,109,M,adult,adult,NA
1720,NA,NA,12-May-18,2018,132,6.11,9.5,3.39,13.48333333,3.983333333,15,min15,8.292084068,960,M,adult,adult,NA
1720,NA,NA,12-May-18,2018,132,6.11,9.5,3.39,13.48333333,3.983333333,30,min30,NA,NA,M,adult,adult,NA
1721,NA,NA,11-May-18,2018,131,6.11,10.16666667,4.06,13.83333333,3.666666667,0,base,3.634608369,132,F,adult,adult,NA
1721,NA,NA,11-May-18,2018,131,6.11,10.16666667,4.06,13.83333333,3.666666667,15,min15,30.21358869,900,F,adult,adult,NA
1721,NA,NA,11-May-18,2018,131,6.11,10.16666667,4.06,13.83333333,3.666666667,30,min30,70.76145351,1718,F,adult,adult,NA
1742,NA,NA,1-Apr-18,2018,91,6.27,9.166666667,2.9,11.75,2.583333333,0,base,19.79023555,180,M,adult,adult,NA
1742,NA,NA,1-Apr-18,2018,91,6.27,9.166666667,2.9,11.75,2.583333333,15,min15,52.73600666,1090,M,adult,adult,NA
1742,NA,NA,1-Apr-18,2018,91,6.27,9.166666667,2.9,11.75,2.583333333,30,min30,84.4422141,1862,M,adult,adult,NA
1747,NA,NA,16-Apr-18,2018,106,6.2,8.05,1.85,11.63333333,3.583333333,0,base,3.377711001,142,M,adult,adult,NA
1747,NA,NA,16-Apr-18,2018,106,6.2,8.05,1.85,11.63333333,3.583333333,15,min15,11.56888343,840,M,adult,adult,NA
1747,NA,NA,16-Apr-18,2018,106,6.2,8.05,1.85,11.63333333,3.583333333,30,min30,73.09868937,1751,M,adult,adult,NA
1783,NA,NA,9-Apr-18,2018,99,6.23,8.05,1.82,11.61666667,3.566666667,0,base,1.309589612,113,F,adult,adult,NA
1783,NA,NA,9-Apr-18,2018,99,6.23,8.05,1.82,11.61666667,3.566666667,15,min15,32.7286277,891,F,adult,adult,NA
1783,NA,NA,9-Apr-18,2018,99,6.23,8.05,1.82,11.61666667,3.566666667,30,min30,55.59907848,1816,F,adult,adult,NA
1852,NA,NA,8-Apr-18,2018,98,6.23,8.333333333,2.1,11.33333333,3,0,base,10.29802992,136,F,adult,adult,NA
1852,NA,NA,8-Apr-18,2018,98,6.23,8.333333333,2.1,11.33333333,3,15,min15,44.04833582,934,F,adult,adult,NA
1852,NA,NA,8-Apr-18,2018,98,6.23,8.333333333,2.1,11.33333333,3,30,min30,56.40274242,1770,F,adult,adult,NA
1862,NA,NA,12-Apr-18,2018,102,6.21,11,4.79,13.03333333,2.033333333,0,base,NA,NA,M,adult,adult,NA
1862,NA,NA,12-Apr-18,2018,102,6.21,11,4.79,13.03333333,2.033333333,15,min15,27.69329553,875,M,adult,adult,NA
1862,NA,NA,12-Apr-18,2018,102,6.21,11,4.79,13.03333333,2.033333333,30,min30,59.49082829,1786,M,adult,adult,NA
1867,NA,NA,28-Mar-18,2018,87,6.29,7.616666667,1.33,11.48333333,3.866666667,0,base,4.54501516,133,F,adult,adult,NA
1867,NA,NA,28-Mar-18,2018,87,6.29,7.616666667,1.33,11.48333333,3.866666667,15,min15,33.27580414,940,F,adult,adult,NA
1867,NA,NA,28-Mar-18,2018,87,6.29,7.616666667,1.33,11.48333333,3.866666667,30,min30,49.12739913,1888,F,adult,adult,NA
1874,NA,NA,1-Jun-18,2018,152,6.1,8.583333333,2.48,11.86666667,3.283333333,0,base,2.881589209,153,M,adult,adult,NA
1874,NA,NA,1-Jun-18,2018,152,6.1,8.583333333,2.48,11.86666667,3.283333333,15,min15,21.80309709,887,M,adult,adult,NA
1874,NA,NA,1-Jun-18,2018,152,6.1,8.583333333,2.48,11.86666667,3.283333333,30,min30,35.25458527,1852,M,adult,adult,NA
1878,NA,NA,27-Mar-18,2018,86,6.3,8.666666667,2.37,12.41666667,3.75,0,base,4.214214025,105,F,adult,adult,NA
1878,NA,NA,27-Mar-18,2018,86,6.3,8.666666667,2.37,12.41666667,3.75,15,min15,37.09261178,921,F,adult,adult,NA
1878,NA,NA,27-Mar-18,2018,86,6.3,8.666666667,2.37,12.41666667,3.75,30,min30,68.46154305,1814,F,adult,adult,NA
1880,NA,NA,20-Apr-18,2018,110,6.18,10.43333333,4.25,12.5,2.066666667,0,base,3.60332985,89,F,adult,adult,NA
1880,NA,NA,20-Apr-18,2018,110,6.18,10.43333333,4.25,12.5,2.066666667,15,min15,59.03388431,858,F,adult,adult,NA
1880,NA,NA,20-Apr-18,2018,110,6.18,10.43333333,4.25,12.5,2.066666667,30,min30,65.71500497,1791,F,adult,adult,NA
1937,NA,NA,3-Apr-18,2018,93,6.26,8.25,1.99,12.16666667,3.916666667,0,base,1.382075753,96,F,adult,adult,NA
1937,NA,NA,3-Apr-18,2018,93,6.26,8.25,1.99,12.16666667,3.916666667,15,min15,45.21532094,875,F,adult,adult,NA
1937,NA,NA,3-Apr-18,2018,93,6.26,8.25,1.99,12.16666667,3.916666667,30,min30,50.32716508,1737,F,adult,adult,NA
1943,NA,NA,30-Mar-18,2018,89,6.28,11,4.72,12.56666667,12.01666667,0,base,3.968692869,84,F,adult,adult,NA
1943,NA,NA,30-Mar-18,2018,89,6.28,11,4.72,12.56666667,12.01666667,15,min15,33.10856079,974,F,adult,adult,NA
1943,NA,NA,30-Mar-18,2018,89,6.28,11,4.72,12.56666667,12.01666667,30,min30,46.00790485,1771,F,adult,adult,NA
1953,NA,NA,9-Apr-18,2018,99,6.23,9,2.77,11.76666667,2.766666667,0,base,2.854807562,102,M,adult,adult,NA
1953,NA,NA,9-Apr-18,2018,99,6.23,9,2.77,11.76666667,2.766666667,15,min15,29.84318165,881,M,adult,adult,NA
1953,NA,NA,9-Apr-18,2018,99,6.23,9,2.77,11.76666667,2.766666667,30,min30,26.34914101,1831,M,adult,adult,NA
1971,NA,NA,11-Apr-18,2018,101,6.22,7.833333333,1.61,8.5,0.666666667,0,base,23.66570682,180,M,adult,adult,NA
1971,NA,NA,11-Apr-18,2018,101,6.22,7.833333333,1.61,8.5,0.666666667,15,min15,72.78592979,900,M,adult,adult,NA
1971,NA,NA,11-Apr-18,2018,101,6.22,7.833333333,1.61,8.5,0.666666667,30,min30,134.3563471,1620,M,adult,adult,NA
1972,NA,NA,28-Apr-18,2018,118,6.15,7.916666667,1.77,11,3.083333333,0,base,4.28076301,122,F,adult,adult,NA
1972,NA,NA,28-Apr-18,2018,118,6.15,7.916666667,1.77,11,3.083333333,15,min15,57.88201186,1030,F,adult,adult,NA
1972,NA,NA,28-Apr-18,2018,118,6.15,7.916666667,1.77,11,3.083333333,30,min30,42.42205217,1918,F,adult,adult,NA
1975,NA,NA,7-Apr-18,2018,97,6.24,7.716666667,1.48,11.41666667,3.7,0,base,3.693393747,131,M,adult,adult,NA
1975,NA,NA,7-Apr-18,2018,97,6.24,7.716666667,1.48,11.41666667,3.7,15,min15,45.82535861,960,M,adult,adult,NA
1975,NA,NA,7-Apr-18,2018,97,6.24,7.716666667,1.48,11.41666667,3.7,30,min30,66.19743187,1770,M,adult,adult,NA
1979,NA,NA,17-Apr-18,2018,107,6.19,10.26666667,4.08,12.45,2.183333333,0,base,14.56650933,115,F,adult,adult,NA
1979,NA,NA,17-Apr-18,2018,107,6.19,10.26666667,4.08,12.45,2.183333333,15,min15,65.85676675,891,F,adult,adult,NA
1979,NA,NA,17-Apr-18,2018,107,6.19,10.26666667,4.08,12.45,2.183333333,30,min30,88.25629469,1762,F,adult,adult,NA
1985,NA,NA,10-May-18,2018,130,6.11,10,3.89,13,3,0,base,7.367195247,176,M,adult,adult,NA
1985,NA,NA,10-May-18,2018,130,6.11,10,3.89,13,3,15,min15,6.83651983,985,M,adult,adult,NA
1985,NA,NA,10-May-18,2018,130,6.11,10,3.89,13,3,30,min30,39.02300211,1790,M,adult,adult,NA
1992,NA,NA,9-Apr-18,2018,99,6.23,7.816666667,1.59,11.28333333,3.466666667,0,base,2.022379416,123,M,adult,adult,NA
1992,NA,NA,9-Apr-18,2018,99,6.23,7.816666667,1.59,11.28333333,3.466666667,15,min15,55.80229017,1023,M,adult,adult,NA
1992,NA,NA,9-Apr-18,2018,99,6.23,7.816666667,1.59,11.28333333,3.466666667,30,min30,36.94745441,1760,M,adult,adult,NA
2008,NA,NA,31-May-18,2018,151,6.1,8.75,2.65,12.8,4.05,0,base,2.762583229,116,F,adult,adult,NA
2008,NA,NA,31-May-18,2018,151,6.1,8.75,2.65,12.8,4.05,15,min15,21.43906854,980,F,adult,adult,NA
2008,NA,NA,31-May-18,2018,151,6.1,8.75,2.65,12.8,4.05,30,min30,19.12503831,1850,F,adult,adult,NA
2009,NA,NA,4-Apr-18,2018,94,6.25,8,1.75,11.35,3.35,0,base,4.881683702,128,M,adult,adult,NA
2009,NA,NA,15-Apr-18,2018,105,6.2,7.7,1.5,10.61666667,2.916666667,0,base,9.727585263,140,M,adult,adult,NA
2009,NA,NA,15-Apr-18,2018,105,6.2,7.7,1.5,10.61666667,2.916666667,15,min15,60.11216005,851,M,adult,adult,NA
2009,NA,NA,4-Apr-18,2018,94,6.25,8,1.75,11.35,3.35,15,min15,54.44152471,880,M,adult,adult,NA
2009,NA,NA,4-Apr-18,2018,94,6.25,8,1.75,11.35,3.35,30,min30,71.28493149,1769,M,adult,adult,NA
2009,NA,NA,15-Apr-18,2018,105,6.2,7.7,1.5,10.61666667,2.916666667,30,min30,71.28493149,NA,M,adult,adult,NA
2016,NA,NA,14-Apr-18,2018,104,6.2,9.166666667,2.97,11.8,2.633333333,0,base,3.135558092,90,F,adult,adult,NA
2016,NA,NA,14-Apr-18,2018,104,6.2,9.166666667,2.97,11.8,2.633333333,15,min15,45.189534,865,F,adult,adult,NA
2016,NA,NA,14-Apr-18,2018,104,6.2,9.166666667,2.97,11.8,2.633333333,30,min30,57.69058364,1789,F,adult,adult,NA
2027,NA,NA,5-Apr-18,2018,95,6.25,8.7,2.45,11.73333333,3.033333333,0,base,5.095970233,128,M,adult,adult,NA
2027,NA,NA,5-Apr-18,2018,95,6.25,8.7,2.45,11.73333333,3.033333333,15,min15,57.77978743,916,M,adult,adult,NA
2027,NA,NA,5-Apr-18,2018,95,6.25,8.7,2.45,11.73333333,3.033333333,30,min30,90.4527216,1835,M,adult,adult,NA
2030,NA,NA,23-Mar-18,2018,82,6.32,9.433333333,3.11,12,2.566666667,0,base,12.59788003,180,M,adult,adult,NA
2030,NA,NA,23-Mar-18,2018,82,6.32,9.433333333,3.11,12,2.566666667,15,min15,55.54975137,960,M,adult,adult,NA
2030,NA,NA,23-Mar-18,2018,82,6.32,9.433333333,3.11,12,2.566666667,30,min30,49.76086639,1809,M,adult,adult,NA
2032,NA,NA,25-Mar-18,2018,84,6.31,10.38333333,4.07,11.83333333,1.45,0,base,0.953030452,81,M,adult,adult,NA
2032,NA,NA,25-Mar-18,2018,84,6.31,10.38333333,4.07,11.83333333,1.45,15,min15,9.316980163,903,M,adult,adult,NA
2032,NA,NA,25-Mar-18,2018,84,6.31,10.38333333,4.07,11.83333333,1.45,30,min30,18.31278069,1740,M,adult,adult,NA
2039,NA,NA,19-Apr-18,2018,109,6.18,10.03333333,3.85,12.45,2.416666667,0,base,1.750679439,118,F,adult,adult,NA
2039,NA,NA,19-Apr-18,2018,109,6.18,10.03333333,3.85,12.45,2.416666667,15,min15,21.07926759,839,F,adult,adult,NA
2039,NA,NA,19-Apr-18,2018,109,6.18,10.03333333,3.85,12.45,2.416666667,30,min30,45.97132406,1781,F,adult,adult,NA
2040,NA,NA,12-Apr-18,2018,102,6.21,11,4.79,13.16666667,2.166666667,0,base,4.175028872,180,M,adult,adult,NA
2040,NA,NA,12-Apr-18,2018,102,6.21,11,4.79,13.16666667,2.166666667,15,min15,51.18940652,931,M,adult,adult,NA
2040,NA,NA,12-Apr-18,2018,102,6.21,11,4.79,13.16666667,2.166666667,30,min30,80.44768713,1890,M,adult,adult,NA
2078,A,Y,12-Mar-18,2018,71,6.38,8.5,2.12,10.5,2,0,base,10.67888073,54,U,chick,nestling,nest
2078,A,Y,12-Mar-18,2018,71,6.38,8.5,2.12,10.5,2,15,min15,12.84306656,932,U,chick,nestling,nest
2078,A,Y,12-Mar-18,2018,71,6.38,8.5,2.12,10.5,2,30,min30,NA,NA,U,chick,nestling,nest
2078,NA,Y,18-Apr-18,2018,108,6.19,10.21666667,4.03,12.35,2.133333333,0,base,10.01031956,108,F,fledge,adult,nest
2078,NA,Y,18-Apr-18,2018,108,6.19,10.21666667,4.03,12.35,2.133333333,15,min15,22.52247862,828,F,fledge,adult,nest
2078,NA,Y,18-Apr-18,2018,108,6.19,10.21666667,4.03,12.35,2.133333333,30,min30,35.48124281,1679,F,fledge,adult,nest
2079,A,Y,12-Mar-18,2018,71,6.38,8.5,2.12,10.5,2,0,base,0.514822015,97,U,chick,nestling,incubator
2079,A,Y,12-Mar-18,2018,71,6.38,8.5,2.12,10.5,2,15,min15,28.46010239,1003,U,chick,nestling,incubator
2079,A,Y,12-Mar-18,2018,71,6.38,8.5,2.12,10.5,2,30,min30,NA,NA,U,chick,nestling,incubator
2079,A,Y,18-Apr-18,2018,108,6.19,10.28333333,4.09,12.55,2.266666667,0,base,5.951030086,100,M,fledge,adult,incubator
2079,A,Y,18-Apr-18,2018,108,6.19,10.28333333,4.09,12.55,2.266666667,15,min15,28.46010239,843,M,fledge,adult,nest
2079,A,Y,18-Apr-18,2018,108,6.19,10.28333333,4.09,12.55,2.266666667,30,min30,43.81253758,1700,M,fledge,adult,nest
2080,B,N,15-Mar-18,2018,74,6.36,8.816666667,2.46,10.5,1.683333333,0,base,0.291844653,91,U,chick,nestling,nest
2080,B,N,15-Mar-18,2018,74,6.36,8.816666667,2.46,10.5,1.683333333,15,min15,45.13658039,889,U,chick,nestling,nest
2080,B,N,15-Mar-18,2018,74,6.36,8.816666667,2.46,10.5,1.683333333,30,min30,NA,NA,U,chick,nestling,nest
2085,NA,NA,16-Mar-18,2018,75,6.35,8.883333333,2.53,12.1,3.216666667,0,base,7.621781767,165,F,adult,adult,NA
2085,NA,NA,16-Mar-18,2018,75,6.35,8.883333333,2.53,12.1,3.216666667,15,min15,49.74628565,924,F,adult,adult,NA
2085,NA,NA,16-Mar-18,2018,75,6.35,8.883333333,2.53,12.1,3.216666667,30,min30,NA,NA,F,adult,adult,NA
2086,C,Y,29-Mar-18,2018,88,6.29,10.83333333,4.54,11.5,0.666666667,0,base,0.336883573,50,U,chick,nestling,nest
2086,C,Y,29-Mar-18,2018,88,6.29,10.83333333,4.54,11.5,0.666666667,15,min15,62.72380489,920,U,chick,nestling,nest
2086,C,Y,29-Mar-18,2018,88,6.29,10.83333333,4.54,11.5,0.666666667,30,min30,NA,NA,U,chick,nestling,nest
2087,C,Y,29-Mar-18,2018,88,6.29,10.83333333,4.54,11.5,0.666666667,0,base,1.754962041,115,U,chick,nestling,incubator
2087,C,Y,29-Mar-18,2018,88,6.29,10.83333333,4.54,11.5,0.666666667,15,min15,60.01722854,975,U,chick,nestling,incubator
2087,C,Y,29-Mar-18,2018,88,6.29,10.83333333,4.54,11.5,0.666666667,30,min30,NA,NA,U,chick,nestling,incubator
2088,NA,NA,1-Apr-18,2018,91,6.27,9.416666667,3.15,11.75,2.333333333,0,base,3.785258233,128,F,adult,adult,NA
2088,NA,NA,1-Apr-18,2018,91,6.27,9.416666667,3.15,11.75,2.333333333,15,min15,30.84728783,1036,F,adult,adult,NA
2088,NA,NA,1-Apr-18,2018,91,6.27,9.416666667,3.15,11.75,2.333333333,30,min30,53.79307569,1770,F,adult,adult,NA
2089,NA,NA,2-Apr-18,2018,92,6.26,10.91666667,4.66,12.5,1.583333333,0,base,5.896459538,180,F,adult,adult,NA
2089,NA,NA,2-Apr-18,2018,92,6.26,10.91666667,4.66,12.5,1.583333333,15,min15,34.43237982,960,F,adult,adult,NA
2089,NA,NA,2-Apr-18,2018,92,6.26,10.91666667,4.66,12.5,1.583333333,30,min30,50.28720952,1783,F,adult,adult,NA
2090,E,N,2-Apr-18,2018,92,6.26,10.55,4.29,11.5,0.95,0,base,0.541973236,60,U,chick,nestling,nest
2090,E,N,2-Apr-18,2018,92,6.26,10.55,4.29,11.5,0.95,15,min15,38.50727851,905,U,chick,nestling,nest
2090,E,N,2-Apr-18,2018,92,6.26,10.55,4.29,11.5,0.95,30,min30,NA,NA,U,chick,nestling,nest
2091,NA,NA,30-Mar-18,2018,89,6.28,8.15,1.87,12,3.85,0,base,10.78482305,180,F,adult,adult,NA
2091,NA,NA,30-Mar-18,2018,89,6.28,8.15,1.87,12,3.85,15,min15,40.35613015,970,F,adult,adult,NA
2091,NA,NA,30-Mar-18,2018,89,6.28,8.15,1.87,12,3.85,30,min30,40.56800036,1916,F,adult,adult,NA
2092,NA,NA,30-Mar-18,2018,89,6.28,8.15,1.87,12,3.85,0,base,4.711898427,158,F,adult,adult,NA
2092,NA,NA,30-Mar-18,2018,89,6.28,8.15,1.87,12,3.85,15,min15,17.00993594,896,F,adult,adult,NA
2092,NA,NA,30-Mar-18,2018,89,6.28,8.15,1.87,12,3.85,30,min30,34.7162359,1850,F,adult,adult,NA
2093,D,N,30-Mar-18,2018,89,6.28,8.666666667,2.39,10.5,1.833333333,0,base,0.390919854,45,U,chick,nestling,nest
2093,D,N,30-Mar-18,2018,89,6.28,8.666666667,2.39,10.5,1.833333333,15,min15,73.26931397,900,U,chick,nestling,nest
2093,D,N,30-Mar-18,2018,89,6.28,8.666666667,2.39,10.5,1.833333333,30,min30,NA,NA,U,chick,nestling,nest
2094,NA,NA,3-Apr-18,2018,93,6.26,10.01666667,3.76,12.91666667,2.9,0,base,2.8882457,130,F,adult,adult,NA
2094,NA,NA,3-Apr-18,2018,93,6.26,10.01666667,3.76,12.91666667,2.9,15,min15,25.97765378,859,F,adult,adult,NA
2094,NA,NA,3-Apr-18,2018,93,6.26,10.01666667,3.76,12.91666667,2.9,30,min30,56.96983037,1829,F,adult,adult,NA
2095,NA,NA,5-Apr-18,2018,95,6.25,7.833333333,1.58,11.33333333,3.5,0,base,4.835606151,108,F,adult,adult,NA
2095,NA,NA,5-Apr-18,2018,95,6.25,7.833333333,1.58,11.33333333,3.5,15,min15,69.31766126,828,F,adult,adult,NA
2095,NA,NA,5-Apr-18,2018,95,6.25,7.833333333,1.58,11.33333333,3.5,30,min30,88.8532212,1773,F,adult,adult,NA
2096,NA,NA,3-Apr-18,2018,93,6.26,10,3.74,12.91666667,2.916666667,0,base,4.139063853,98,M,adult,adult,NA
2096,NA,NA,3-Apr-18,2018,93,6.26,10,3.74,12.91666667,2.916666667,15,min15,51.79179047,847,M,adult,adult,NA
2096,NA,NA,3-Apr-18,2018,93,6.26,10,3.74,12.91666667,2.916666667,30,min30,70.01849993,1782,M,adult,adult,NA
2097,NA,NA,6-Apr-18,2018,96,6.24,8.1,1.86,11.73333333,3.633333333,0,base,1.734594201,130,F,adult,adult,NA
2097,NA,NA,6-Apr-18,2018,96,6.24,8.1,1.86,11.73333333,3.633333333,15,min15,11.70545856,903,F,adult,adult,NA
2097,NA,NA,6-Apr-18,2018,96,6.24,8.1,1.86,11.73333333,3.633333333,30,min30,30.81858816,1760,F,adult,adult,NA
2098,F,N,5-Apr-18,2018,95,6.25,7.25,1,10.5,3.25,0,base,4.825865321,123,U,chick,nestling,nest
2098,F,N,5-Apr-18,2018,95,6.25,7.25,1,10.5,3.25,15,min15,51.84377585,879,U,chick,nestling,nest
2098,F,N,5-Apr-18,2018,95,6.25,7.25,1,10.5,3.25,30,min30,NA,NA,U,chick,nestling,nest
2099,NA,NA,9-Apr-18,2018,99,6.23,7.85,1.62,11.48333333,3.633333333,0,base,8.669308205,127,F,adult,adult,NA
2099,NA,NA,9-Apr-18,2018,99,6.23,7.85,1.62,11.48333333,3.633333333,15,min15,50.80745517,1050,F,adult,adult,NA
2099,NA,NA,9-Apr-18,2018,99,6.23,7.85,1.62,11.48333333,3.633333333,30,min30,46.81052182,1780,F,adult,adult,NA
2100,NA,NA,16-Apr-18,2018,106,6.2,7.75,1.55,11.46666667,3.716666667,0,base,11.0468831,99,F,adult,adult,NA
2100,NA,NA,16-Apr-18,2018,106,6.2,7.75,1.55,11.46666667,3.716666667,15,min15,73.90369049,899,F,adult,adult,NA
2100,NA,NA,16-Apr-18,2018,106,6.2,7.75,1.55,11.46666667,3.716666667,30,min30,88.13688022,1761,F,adult,adult,NA
2101,NA,NA,17-Apr-18,2018,107,6.19,8.666666667,2.48,12.21666667,3.55,0,base,0.305500454,98,M,fledge,adult,NA
2101,NA,NA,17-Apr-18,2018,107,6.19,8.666666667,2.48,12.21666667,3.55,15,min15,35.07461678,883,M,fledge,adult,NA
2101,NA,NA,17-Apr-18,2018,107,6.19,8.666666667,2.48,12.21666667,3.55,30,min30,42.99243465,1793,M,fledge,adult,NA
2102,NA,NA,17-Apr-18,2018,107,6.19,8.683333333,2.49,12.21666667,3.533333333,0,base,7.137500224,158,M,adult,adult,NA
2102,NA,NA,28-Apr-18,2018,118,6.15,9.283333333,3.13,12.33333333,3.05,0,base,7.137500224,171,M,adult,adult,NA
2102,NA,NA,17-Apr-18,2018,107,6.19,8.683333333,2.49,12.21666667,3.533333333,15,min15,35.37926129,900,M,adult,adult,NA
2102,NA,NA,28-Apr-18,2018,118,6.15,9.283333333,3.13,12.33333333,3.05,15,min15,35.37926129,1057,M,adult,adult,NA
2102,NA,NA,28-Apr-18,2018,118,6.15,9.283333333,3.13,12.33333333,3.05,30,min30,27.48382713,1808,M,adult,adult,NA
2102,NA,NA,17-Apr-18,2018,107,6.19,8.683333333,2.49,12.21666667,3.533333333,30,min30,27.48382713,1860,M,adult,adult,NA
2103,NA,NA,18-Apr-18,2018,108,6.19,8.916666667,2.73,12.28333333,6.366666667,0,base,3.350138697,116,F,adult,adult,NA
2103,NA,NA,18-Apr-18,2018,108,6.19,8.916666667,2.73,12.28333333,6.366666667,15,min15,47.94433728,891,F,adult,adult,NA
2103,NA,NA,18-Apr-18,2018,108,6.19,8.916666667,2.73,12.28333333,6.366666667,30,min30,67.14682564,1809,F,adult,adult,NA
2104,NA,NA,19-Apr-18,2018,109,6.18,8.533333333,2.35,12.38333333,3.85,0,base,1.986571131,69,M,adult,adult,NA
2104,NA,NA,19-Apr-18,2018,109,6.18,8.533333333,2.35,12.38333333,3.85,15,min15,15.25475605,903,M,adult,adult,NA
2104,NA,NA,19-Apr-18,2018,109,6.18,8.533333333,2.35,12.38333333,3.85,30,min30,45.72286692,1752,M,adult,adult,NA
2105,NA,NA,19-Apr-18,2018,109,6.18,11,4.82,12.68333333,1.683333333,0,base,1.134211595,80,M,adult,adult,NA
2105,NA,NA,19-Apr-18,2018,109,6.18,11,4.82,12.68333333,1.683333333,15,min15,68.37291417,895,M,adult,adult,NA
2105,NA,NA,19-Apr-18,2018,109,6.18,11,4.82,12.68333333,1.683333333,30,min30,56.84656942,1749,M,adult,adult,NA
2106,NA,NA,19-Apr-18,2018,109,6.18,11,4.82,12.63333333,1.633333333,0,base,5.834182055,104,M,adult,adult,NA
2106,NA,NA,19-Apr-18,2018,109,6.18,11,4.82,12.63333333,1.633333333,15,min15,29.84653004,888,M,adult,adult,NA
2106,NA,NA,19-Apr-18,2018,109,6.18,11,4.82,12.63333333,1.633333333,30,min30,36.15370027,1833,M,adult,adult,NA
2107,NA,NA,20-Apr-18,2018,110,6.18,8.733333333,2.55,11.96666667,3.233333333,0,base,4.55958982,168,F,adult,adult,NA
2107,NA,NA,28-Apr-18,2018,118,6.15,9.233333333,3.08,12.55,3.316666667,0,base,5.011462127,170,F,adult,adult,NA
2107,NA,NA,20-Apr-18,2018,110,6.18,8.733333333,2.55,11.96666667,3.233333333,15,min15,23.21535504,900,F,adult,adult,NA
2107,NA,NA,28-Apr-18,2018,118,6.15,9.233333333,3.08,12.55,3.316666667,15,min15,20.01416722,975,F,adult,adult,NA
2107,NA,NA,20-Apr-18,2018,110,6.18,8.733333333,2.55,11.96666667,3.233333333,30,min30,43.36930411,1827,F,adult,adult,NA
2107,NA,NA,28-Apr-18,2018,118,6.15,9.233333333,3.08,12.55,3.316666667,30,min30,31.77542309,1858,F,adult,adult,NA
2108,NA,NA,20-Apr-18,2018,110,6.18,8.933333333,2.75,12.41666667,3.483333333,0,base,4.520074171,138,M,adult,adult,NA
2108,NA,NA,20-Apr-18,2018,110,6.18,8.933333333,2.75,12.41666667,3.483333333,15,min15,21.04988127,837,M,adult,adult,NA
2108,NA,NA,20-Apr-18,2018,110,6.18,8.933333333,2.75,12.41666667,3.483333333,30,min30,19.34018161,1784,M,adult,adult,NA
2109,NA,NA,2-May-18,2018,122,6.13,9.6,3.47,11.25,1.65,0,base,7.96905661,180,F,adult,adult,NA
2109,NA,NA,2-May-18,2018,122,6.13,9.6,3.47,11.25,1.65,15,min15,67.25893294,936,F,adult,adult,NA
2109,NA,NA,2-May-18,2018,122,6.13,9.6,3.47,11.25,1.65,30,min30,120.7663224,1905,F,adult,adult,NA
2112,NA,NA,9-May-18,2018,129,6.11,9.25,3.14,11.5,2.25,0,base,4.645937884,148,F,adult,adult,NA
2112,NA,NA,9-May-18,2018,129,6.11,9.25,3.14,11.5,2.25,15,min15,30.36940754,905,F,adult,adult,NA
2112,NA,NA,9-May-18,2018,129,6.11,9.25,3.14,11.5,2.25,30,min30,31.27075818,1980,F,adult,adult,NA
2114,NA,NA,11-May-18,2018,131,6.11,9.883333333,3.77,13.83333333,3.95,0,base,3.545947482,168,M,adult,adult,NA
2114,NA,NA,11-May-18,2018,131,6.11,9.883333333,3.77,13.83333333,3.95,15,min15,17.67011876,913,M,adult,adult,NA
2114,NA,NA,11-May-18,2018,131,6.11,9.883333333,3.77,13.83333333,3.95,30,min30,36.45164462,1800,M,adult,adult,NA
2115,NA,NA,12-May-18,2018,132,6.11,10,3.89,13.21666667,3.216666667,0,base,9.524652978,168,F,adult,adult,NA
2115,NA,NA,12-May-18,2018,132,6.11,10,3.89,13.21666667,3.216666667,15,min15,43.55856254,999,F,adult,adult,NA
2115,NA,NA,12-May-18,2018,132,6.11,10,3.89,13.21666667,3.216666667,30,min30,47.06338149,1812,F,adult,adult,NA
2117,NA,NA,12-May-18,2018,132,6.11,10.91666667,4.81,13.08333333,2.166666667,0,base,5.331867383,180,M,adult,adult,NA
2117,NA,NA,12-May-18,2018,132,6.11,10.91666667,4.81,13.08333333,2.166666667,15,min15,13.55593574,1065,M,adult,adult,NA
2117,NA,NA,12-May-18,2018,132,6.11,10.91666667,4.81,13.08333333,2.166666667,30,min30,31.82041174,1820,M,adult,adult,NA
2118,NA,NA,13-May-18,2018,133,6.11,9.866666667,3.76,12.13333333,2.266666667,0,base,6.874513915,180,U,fledge,adult,NA
2118,NA,NA,13-May-18,2018,133,6.11,9.866666667,3.76,12.13333333,2.266666667,15,min15,34.60989741,990,U,fledge,adult,NA
2118,NA,NA,13-May-18,2018,133,6.11,9.866666667,3.76,12.13333333,2.266666667,30,min30,28.2954201,1739,U,fledge,adult,NA
2119,U,N,17-May-18,2018,137,6.1,7.533333333,1.43,8.6,1.066666667,0,base,6.125583177,151,U,chick,nestling,incubator
2119,U,N,17-May-18,2018,137,6.1,7.533333333,1.43,8.6,1.066666667,15,min15,23.33880951,957,U,chick,nestling,incubator
2119,U,N,17-May-18,2018,137,6.1,7.533333333,1.43,8.6,1.066666667,30,min30,NA,NA,U,chick,nestling,incubator
2120,V,Y,17-May-18,2018,137,6.1,7.533333333,1.43,8.6,1.066666667,0,base,2.390752741,108,U,chick,nestling,nest
2120,V,Y,17-May-18,2018,137,6.1,7.533333333,1.43,8.6,1.066666667,15,min15,25.64249012,954,U,chick,nestling,nest
2120,V,Y,17-May-18,2018,137,6.1,7.533333333,1.43,8.6,1.066666667,30,min30,NA,NA,U,chick,nestling,nest
2121,X,N,21-May-18,2018,141,6.1,7.616666667,4.52,9.033333333,1.416666667,0,base,17.13179651,155,U,chick,nestling,incubator
2121,X,N,21-May-18,2018,141,6.1,7.616666667,4.52,9.033333333,1.416666667,15,min15,58.51768388,883,U,chick,nestling,incubator
2121,X,N,21-May-18,2018,141,6.1,7.616666667,4.52,9.033333333,1.416666667,30,min30,21.17166283,1696,U,chick,nestling,incubator
2122,W,N,21-May-18,2018,141,6.1,7.616666667,1.52,9.283333333,1.666666667,0,base,6.035526478,91,U,chick,nestling,nest
2122,W,N,21-May-18,2018,141,6.1,7.616666667,1.52,9.283333333,1.666666667,15,min15,13.71359783,852,U,chick,nestling,nest
2122,W,N,21-May-18,2018,141,6.1,7.616666667,1.52,9.283333333,1.666666667,30,min30,13.44421516,1694,U,chick,nestling,nest
2124,Y,Y,22-May-18,2018,142,6.1,8,1.9,9.75,1.75,0,base,5.043963674,105,U,chick,nestling,incubator
2124,Y,Y,22-May-18,2018,142,6.1,8,1.9,9.75,1.75,15,min15,26.63555096,920,U,chick,nestling,incubator
2124,Y,Y,22-May-18,2018,142,6.1,8,1.9,9.75,1.75,30,min30,2.711866555,1860,U,chick,nestling,incubator
2125,Y,Y,22-May-18,2018,142,6.1,8,1.9,9.75,1.75,0,base,5.136627414,135,U,chick,nestling,nest
2125,Y,Y,22-May-18,2018,142,6.1,8,1.9,9.75,1.75,15,min15,23.9220761,925,U,chick,nestling,nest
2125,Y,Y,22-May-18,2018,142,6.1,8,1.9,9.75,1.75,30,min30,8.010346998,1954,U,chick,nestling,nest
2126,AA,N,23-May-18,2018,143,6.1,10.78333333,4.68,13.41666667,2.633333333,0,base,0.841359632,78,U,chick,nestling,nest
2126,AA,N,23-May-18,2018,143,6.1,10.78333333,4.68,13.41666667,2.633333333,15,min15,10.23632899,881,U,chick,nestling,nest
2126,AA,N,23-May-18,2018,143,6.1,10.78333333,4.68,13.41666667,2.633333333,30,min30,0.423215576,1795,U,chick,nestling,nest
2127,NA,NA,31-May-18,2018,151,6.1,9.833333333,3.73,13.38333333,3.55,0,base,8.327516504,165,F,adult,adult,NA
2127,NA,NA,31-May-18,2018,151,6.1,9.833333333,3.73,13.38333333,3.55,15,min15,49.75199185,945,F,adult,adult,NA
2127,NA,NA,31-May-18,2018,151,6.1,9.833333333,3.73,13.38333333,3.55,30,min30,24.97482664,1827,F,adult,adult,NA
2128,AC,Y,26-May-18,2018,146,6.1,7.75,1.65,11.7,3.95,0,base,5.288663547,105,U,chick,nestling,nest
2128,AC,Y,26-May-18,2018,146,6.1,7.75,1.65,11.7,3.95,15,min15,9.867889568,1007,U,chick,nestling,nest
2128,AC,Y,26-May-18,2018,146,6.1,7.75,1.65,11.7,3.95,30,min30,2.058974765,1782,U,chick,nestling,nest
2129,AC,Y,26-May-18,2018,146,6.1,7.75,1.65,11.7,3.95,0,base,0.865446772,120,U,chick,nestling,incubator
2129,AC,Y,26-May-18,2018,146,6.1,7.75,1.65,11.7,3.95,15,min15,35.8225934,954,U,chick,nestling,incubator
2129,AC,Y,26-May-18,2018,146,6.1,7.75,1.65,11.7,3.95,30,min30,1.576219601,1785,U,chick,nestling,incubator
2130,AD,Y,26-May-18,2018,146,6.1,8.366666667,2.27,10.66666667,2.3,0,base,4.303650485,97,U,chick,nestling,incubator
2130,AD,Y,26-May-18,2018,146,6.1,8.366666667,2.27,10.66666667,2.3,15,min15,15.8934753,855,U,chick,nestling,incubator
2130,AD,Y,26-May-18,2018,146,6.1,8.366666667,2.27,10.66666667,2.3,30,min30,1.418219544,1736,U,chick,nestling,incubator
2131,AD,Y,26-May-18,2018,146,6.1,8.366666667,2.27,10.66666667,2.3,0,base,3.857795356,151,U,chick,nestling,nest
2131,AD,Y,26-May-18,2018,146,6.1,8.366666667,2.27,10.66666667,2.3,15,min15,11.39345972,986,U,chick,nestling,nest
2131,AD,Y,26-May-18,2018,146,6.1,8.366666667,2.27,10.66666667,2.3,30,min30,0.979330492,1824,U,chick,nestling,nest
2132,AE,N,27-May-18,2018,147,6.1,10.33333333,4.23,11.5,1.166666667,0,base,4.285611284,102,U,chick,nestling,nest
2132,AE,N,27-May-18,2018,147,6.1,10.33333333,4.23,11.5,1.166666667,15,min15,10.82474881,960,U,chick,nestling,nest
2132,AE,N,27-May-18,2018,147,6.1,10.33333333,4.23,11.5,1.166666667,30,min30,4.373054839,1825,U,chick,nestling,nest
2133,NA,NA,29-May-18,2018,149,6.1,8.833333333,2.73,12,3.166666667,0,base,6.340255162,132,U,adult,adult,NA
2133,NA,NA,29-May-18,2018,149,6.1,8.833333333,2.73,12,3.166666667,15,min15,51.04040669,976,U,adult,adult,NA
2133,NA,NA,29-May-18,2018,149,6.1,8.833333333,2.73,12,3.166666667,30,min30,53.74363153,1811,U,adult,adult,NA
2134,NA,NA,29-May-18,2018,149,6.1,9.083333333,2.98,12,2.916666667,0,base,7.445011824,160,F,adult,adult,NA
2134,NA,NA,29-May-18,2018,149,6.1,9.083333333,2.98,12,2.916666667,15,min15,52.90617152,917,F,adult,adult,NA
2134,NA,NA,29-May-18,2018,149,6.1,9.083333333,2.98,12,2.916666667,30,min30,28.43602187,1947,F,adult,adult,NA
2137,NA,NA,31-May-18,2018,151,6.1,9.25,3.15,12.8,3.55,0,base,3.865744262,165,M,fledge,adult,NA
2137,NA,NA,31-May-18,2018,151,6.1,9.25,3.15,12.8,3.55,15,min15,10.28774967,1047,M,fledge,adult,NA
2137,NA,NA,31-May-18,2018,151,6.1,9.25,3.15,12.8,3.55,30,min30,36.32540667,1920,M,fledge,adult,NA
2138,NA,NA,1-Jun-18,2018,152,6.1,9.3,3.2,12.86666667,3.566666667,0,base,6.027679049,180,M,adult,adult,NA
2138,NA,NA,1-Jun-18,2018,152,6.1,9.3,3.2,12.86666667,3.566666667,15,min15,12.55121388,997,M,adult,adult,NA
2138,NA,NA,1-Jun-18,2018,152,6.1,9.3,3.2,12.86666667,3.566666667,30,min30,23.83796753,1810,M,adult,adult,NA
2139,AF,Y,2-Jun-18,2018,153,6.1,7.666666667,1.57,9,1.333333333,0,base,4.862622736,85,U,chick,nestling,nest
2139,AF,Y,2-Jun-18,2018,153,6.1,7.666666667,1.57,9,1.333333333,15,min15,39.71568771,927,U,chick,nestling,nest
2139,AF,Y,2-Jun-18,2018,153,6.1,7.666666667,1.57,9,1.333333333,30,min30,NA,NA,U,chick,nestling,nest
2140,AF,Y,2-Jun-18,2018,153,6.1,7.666666667,1.57,9,1.333333333,0,base,4.165383389,75,U,chick,nestling,incubator
2140,AF,Y,2-Jun-18,2018,153,6.1,7.666666667,1.57,9,1.333333333,15,min15,35.3269781,917,U,chick,nestling,incubator
2140,AF,Y,2-Jun-18,2018,153,6.1,7.666666667,1.57,9,1.333333333,30,min30,16.22559116,1836,U,chick,nestling,incubator
2151,S,Y,11-May-18,2018,131,6.11,8.466666667,2.36,13.11666667,4.65,0,base,15.8246221,168,U,chick,nestling,nest
2151,S,Y,11-May-18,2018,131,6.11,8.466666667,2.36,13.11666667,4.65,15,min15,10.38398951,1000,U,chick,nestling,nest
2151,S,Y,11-May-18,2018,131,6.11,8.466666667,2.36,13.11666667,4.65,30,min30,NA,NA,U,chick,nestling,nest
2152,S,Y,11-May-18,2018,131,6.11,8.466666667,2.36,13.11666667,4.65,0,base,5.65949596,105,U,chick,nestling,incubator
2152,S,Y,11-May-18,2018,131,6.11,8.466666667,2.36,13.11666667,4.65,15,min15,75.1673,901,U,chick,nestling,incubator
2152,S,Y,11-May-18,2018,131,6.11,8.466666667,2.36,13.11666667,4.65,30,min30,7.748298914,1792,U,chick,nestling,incubator
2153,T,N,15-May-18,2018,135,6.1,8.883333333,2.78,10.5,1.616666667,0,base,5.121975135,80,U,chick,nestling,nest
2153,T,N,15-May-18,2018,135,6.1,8.883333333,2.78,10.5,1.616666667,15,min15,37.55206659,923,U,chick,nestling,nest
2153,T,N,15-May-18,2018,135,6.1,8.883333333,2.78,10.5,1.616666667,30,min30,3.865939367,1866,U,chick,nestling,nest
2154,AG,Y,5-Jun-18,2018,156,6.1,7.5,1.4,9.033333333,1.533333333,0,base,0.624402383,85,U,chick,nestling,incubator
2154,AG,Y,5-Jun-18,2018,156,6.1,7.5,1.4,9.033333333,1.533333333,15,min15,23.73217741,887,U,chick,nestling,incubator
2154,AG,Y,5-Jun-18,2018,156,6.1,7.5,1.4,9.033333333,1.533333333,30,min30,2.793158394,1778,U,chick,nestling,incubator
2155,AG,Y,5-Jun-18,2018,156,6.1,7.5,1.4,9.033333333,1.533333333,0,base,4.091152459,127,U,chick,nestling,nest
2155,AG,Y,5-Jun-18,2018,156,6.1,7.5,1.4,9.033333333,1.533333333,15,min15,34.19548787,970,U,chick,nestling,nest
2155,AG,Y,5-Jun-18,2018,156,6.1,7.5,1.4,9.033333333,1.533333333,30,min30,19.44579891,1900,U,chick,nestling,nest